name;vendor_code;price_prepaid;warehouse_main;description;media_img
"Компрессор ECO AE-501-1";AE-501-1;332,70;0;"ВНИМАНИЕ!!!
Уровень масла должен быть немного выше верхней границы красной точки на глазке!
---
Технические характеристики:
Напряжение/частота: 220В/50Гц,
Мощность: 1,8 кВт,
Производительность: 260 л/мин,
Объем масла: 0,3 л,
Объём ресивера: 50 л,
Рабочее давление: 8 атм,
Двигатель: 2850 об/мин,
Количество быстросъемных выходов: 1,
Вес нетто: 31 кг,
Вес брутто: 31,7 кг,
Гарантийный срок: 12 месяцев,
---";https://content.tools.by/images/products/cb-0964475505/Gmj/Gmjxvk6jgrQlWb40k8toUxmBHSOwHPYHhbmGUWIq.jpg
"Компрессор ECO AE-251-3 коаксиальный";AE-251-3;314,02;"10 дней";"Параметры электрической сети: 230 В~, 50 Гц, 1ф, 
Потребляемая мощность: 1.5 кВт, 
Рабочее давление: 0–8 атм, 
Производительность: 235 л/мин, 
Ресивер:24 л, 
Тип: поршневой, 
Тип смазки: масляный, 
Привод: прямой, 
Количество цилиндров: 1, 
Объем масла: 0,25 л, 
Контроль уровня масла: масляной глазок, 
Количество выxодов: 2 быстросъема, 
Количество конденсаторов:1, 
Передвижной: Да, 
Масса нетто: 19,4 кг, 
Масса брутто: 21,6 кг, 
Габариты компрессора: 53,5 x 31 x 60 см, 
Размеры коробки:58 x 29 x 62 см, 
Гарантийный срок: 12 месяцев,
Воздушная трубка с теплоотводом
Регулятор давления
2 быстросъемных выхода
Воздушный фильтр с поролоновым фильтроэлементом
Манометры с металлическим корпусом
Колеса с резиновыми накладками
ВНИМАНИЕ!!!
Уровень масла должен быть немного выше верхней границы красной точки на глазке!
Комплектация,
Компрессор,
Фильтр воздушный,
Колесо транспортировочное (2 шт),
Опорная ножка,
Комплект крепежа.
Компрессор поставляется с компрессорным маслом необходимого объема для стартового запуска компрессора. Масло может быть заправлено в картер компрессорной головы компрессора, либо перелито в отдельную
герметичную емкость для целей транспортировки во избежание утечки из
картера в зависимости от условий транспортировки изделия.

Внимание! В картере могут находиться остатки масла. Это связано с тем, что 100% устройств запускается на производстве после сборки для проверки на работоспособность.
AEF-382M   Фильтр воздушный ECO 38,
AES-18PG   Манометр для компрессора ECO, резьба 18,
AES-14PG   Манометр для компрессора ECO, резьба 14,
AES-414P   Прессостат четырехходовой,
AES-4R   Регулятор давления четырехходовой,
AB-FMT14   Соединение быстросъемное (латунь),
AS-FMT14   Соединение быстросъемное (сталь),
SGK-5   Набор пневмоинструмента ECO 5-в-1,";https://content.tools.by/images/products/cb-1990619200/xbO/xbOpCLiUDHGaYYLjQTtTbvnoHZjZLCgCtOndMI48.jpg
"Компрессор ECO AE-501-3 коаксиальный";AE-501-3;385,86;"10 дней";"Параметры электрической сети: 230 В~, 50 Гц, 1ф , 
Потребляемая мощность: 1.8 кВт , 
Рабочее давление: 0–8 атм , 
Производительность: 260 л/мин , 
Ресивер: 50 л , 
Тип: поршневой , 
Тип смазки: масляный , 
Привод: прямой , 
Количество цилиндров: 1 , 
Объем масла: 0,3 л , 
Контроль уровня масла: масляной глазок , 
Количество выxодов: 2 быстросъема , 
Количество конденсаторов: 1 , 
Передвижной: Да , 
Масса нетто: 27,4 кг, 
Масса брутто: 30,9 кг, 
Габариты компрессора: 66 x 37 x 65 см, 
Размеры коробки: 70 x 33 x 67 см , 
Гарантийный срок: 12 месяцев ,
Увеличенные габариты двигателя (по сравнению с моделью 501-4)
Воздушная трубка с теплоотводом
Регулятор давления
2 быстросъемных выхода
Воздушный фильтр с поролоновым фильтроэлементом
Манометры с металлическим корпусом
Колеса с резиновыми накладками
ВНИМАНИЕ!!!
Уровень масла должен быть немного выше верхней границы красной точки на глазке!
Компрессор поставляется с компрессорным маслом необходимого объема для стартового запуска компрессора. Масло может быть заправлено в картер компрессорной головы компрессора, либо перелито в отдельную
герметичную емкость для целей транспортировки во избежание утечки из
картера в зависимости от условий транспортировки изделия.

Внимание! В картере могут находиться остатки масла. Это связано с тем, что 100% устройств запускается на производстве после сборки для проверки на работоспособность.
Компрессор,
Фильтр воздушный,
Колесо транспортировочное (2 шт),
Опорная ножка (2 шт),
Комплект крепежа.
AES-18PG   Манометр для компрессора ECO, резьба 18,
AES-14PG   Манометр для компрессора ECO, резьба 14,
AES-414P   Прессостат четырехходовой,
AES-4R   Регулятор давления четырехходовой,
AEF-122M   Фильтр воздушный (бумажн. фильтроэлемент, корпус - металл),
AEF-12P   Фильтр воздушный (бумажн. фильтроэлемент, корпус - пластик),
AB-FMT14   Соединение быстросъемное (латунь),
AS-FMT14   Соединение быстросъемное (сталь),
SGK-5   Набор пневмоинструмента ECO 5-в-1,";https://content.tools.by/images/products/cb-0058040136/Abp/AbpjUosS7QhELTGoBLYcJWTNQSLWsNghRrchZ4BH.jpg
"Компрессор ECO AE-502-3 коаксиальный";AE-502-3;625,36;"10 дней";"Параметры электрической сети: 220 В 50 Гц 1ф, 
Потребляемая мощность: 2.2 кВт, 
Рабочее давление: 0–8 атм, 
Производительность: 440 л/мин, 
Ресивер: 50 л, 
Тип: поршневой, 
Тип смазки: масляный, 
Привод: прямой, 
Количество цилиндров: 2, 
Объем масла: 0,4 л, 
Контроль уровня масла: масляной глазок, 
Количество выxодов: 2 быстросъема, 
Количество конденсаторов: 2, 
Передвижной: Да, 
Масса нетто: 37,6 кг, 
Масса брутто: 41,9 кг, 
Габариты компрессора: 66,5 x 37,5 x 63,5 см, 
Размеры коробки: 70 x 34 x 67 см, 
Гарантийный срок: 12 месяцев,
2-цилиндровый
Воздушная трубка с теплоотводом
Регулятор давления
Клапан облегчения запуска компрессора
Дополнительный пусковой конденсатор для облегчения запуска
2 быстросъемных выхода
Воздушный фильтр с поролоновым фильтроэлементом
Манометры с металлическим корпусом
Колеса с резиновыми накладками
ВНИМАНИЕ!!!
Уровень масла должен быть немного выше верхней границы красной точки на глазке!
Компрессор поставляется с компрессорным маслом необходимого объема для стартового запуска компрессора. Масло может быть заправлено в картер компрессорной головы компрессора, либо перелито в отдельную
герметичную емкость для целей транспортировки во избежание утечки из
картера в зависимости от условий транспортировки изделия.

Внимание! В картере могут находиться остатки масла. Это связано с тем, что 100% устройств запускается на производстве после сборки для проверки на работоспособность.
Компрессор,
Фильтр воздушный (2 шт),
Колесо транспортировочное (2 шт),
Опорная ножка (2 шт),
Комплект крепежа.
AES-18PG   Манометр для компрессора ECO, резьба 18,
AES-14PG   Манометр для компрессора ECO, резьба 14,
AES-414P   Прессостат четырехходовой,
AES-4R   Регулятор давления четырехходовой,
AEF-122M   Фильтр воздушный (бумажн. фильтроэлемент, корпус - металл),
AEF-12P   Фильтр воздушный (бумажн. фильтроэлемент, корпус - пластик),
AB-FMT14   Соединение быстросъемное (латунь),
AS-FMT14   Соединение быстросъемное (сталь),
SGK-5   Набор пневмоинструмента ECO 5-в-1,";https://content.tools.by/images/products/cb-0434442591/TKH/TKH1piEq3H8owKWF8GbDEBPARZIGwgrojqfKEyqW.jpg
"Компрессор ECO AE-1005-B1 ременной";AE-1005-B1;967,68;"10 дней";"Параметры электрической сети: 230 В~, 50 Гц, 1ф , 
Потребляемая мощность: 2,2 кВт , 
Рабочее давление: 0–8 атм , 
Производительность: 380 л/мин , 
Ресивер: 100 л , 
Тип: поршневой , 
Тип смазки: масляный , 
Привод: ременной , 
Количество цилиндров: 2 (V-образн) , 
Объем масла: 0,4 л , 
Контроль уровня масла: масляной глазок , 
Количество выxодов: 2 быстросъема , 
Количество конденсаторов: 2 , 
Передвижной: Да , 
Масса нетто: 68 кг , 
Масса брутто: 73,9 кг , 
Габариты компрессора: 110 x 40 x 83,5 см, 
Размеры коробки: 110 x 40 x 83,5 cм , 
Гарантийный срок: 12 месяцев ,
V-образное расположение поршней способствует улучшенному охлаждению
Лопасти на маховике охлаждают гильзы цилиндров и масляный картер
Увеличенный масляный картер, для лучшей смазки и отвода тепла от поршневой группы
Тепловая защита двигателя
Регулировка давления на выходе
Два манометра
Латунный обратный клапан.
Чугунный коллектор.
Компрессор поставляется заправленный маслом.
Компрессор поршневой клино-ременной, масляный, с 2-цилиндровой V-образной помпой.
Компрессор,
Фильтр воздушный (2 шт),
Колесо транспортировочное (4 шт),
Комплект крепежа.
AES-18PG   Манометр для компрессора ECO, резьба 18,
AES-14PG   Манометр для компрессора ECO, резьба 14,
AES-114P   Прессостат одноходовой,
AES-4R   Регулятор давления четырехходовой,
AEF-122M   Фильтр воздушный (бумажн. фильтроэлемент, корпус - металл),
AEF-12P   Фильтр воздушный (бумажн. фильтроэлемент, корпус - пластик),
AB-FMT14   Соединение быстросъемное (латунь),
AS-FMT14   Соединение быстросъемное (сталь),
AEP-22-380   Компрессорная голова,
SGK-5   Набор пневмоинструмента ECO 5-в-1,";https://content.tools.by/images/products/cb-0086558706/9SM/9SMoeD7tdTrvR199xGiozeE95Az2NcyMC5qoNLOB.jpg
"Компрессор ECO AE-251-4 коаксиальный";AE-251-4;332,64;"10 дней";"Параметры электрической сети: 230 В~, 50 Гц, 1ф , 
Потребляемая мощность: 1.8 кВт , 
Рабочее давление: 0–8 атм , 
Производительность: 260 л/мин , 
Ресивер: 24 л , 
Тип: поршневой , 
Тип смазки: масляный , 
Привод: прямой , 
Количество цилиндров: 1 , 
Объем масла: 0,25 л , 
Контроль уровня масла: масляной глазок , 
Количество выxодов: 2 быстросъема , 
Количество конденсаторов: 1 , 
Передвижной: Да , 
Масса нетто: 21,3 кг , 
Масса брутто: 23,5 кг , 
Габариты компрессора: 52 x 31 x 61 см, 
Размеры коробки: 59 x 29 x 58 см , 
Гарантийный срок: 12 месяцев ,
ВНИМАНИЕ!!!
Уровень масла должен быть немного выше верхней границы красной точки на глазке!
Комплектация,
Компрессор,
Фильтр воздушный,
Колесо транспортировочное (2 шт),
Опорная ножка,
Комплект крепежа.
Компрессор поставляется с компрессорным маслом необходимого объема для стартового запуска компрессора. Масло может быть заправлено в картер компрессорной головы компрессора, либо перелито в отдельную
герметичную емкость для целей транспортировки во избежание утечки из
картера в зависимости от условий транспортировки изделия.

Внимание! В картере могут находиться остатки масла. Это связано с тем, что 100% устройств запускается на производстве после сборки для проверки на работоспособность.
AES-18PG   Манометр для компрессора ECO, резьба 18,
AES-14PG   Манометр для компрессора ECO, резьба 14,
AES-414P   Прессостат четырехходовой,
AES-4R   Регулятор давления четырехходовой,
AEF-122M   Фильтр воздушный (бумажн. фильтроэлемент, корпус - металл),
AEF-12P   Фильтр воздушный (бумажн. фильтроэлемент, корпус - пластик),
AB-FMT14   Соединение быстросъемное (латунь),
AS-FMT14   Соединение быстросъемное (сталь),
SGK-5   Набор пневмоинструмента ECO 5-в-1,";https://content.tools.by/images/products/cb-6096874275/pVY/pVYpE40JPJ0EnUBOqEQDU46KJUh28aNi4gfdsVaJ.jpg
"Компрессор ECO AE-705-3 коаксиальный";AE-705-3;678,59;"10 дней";"Параметры электрической сети: 230 В~, 50 Гц, 1ф , 
Потребляемая мощность: 2.2 кВт , 
Рабочее давление: 0–8 атм , 
Производительность: 440 л/мин , 
Ресивер: 70 л , 
Тип: поршневой , 
Тип смазки: масляный , 
Привод: прямой , 
Количество цилиндров: 2 , 
Объем масла: 0,4 л , 
Контроль уровня масла: масляной глазок , 
Количество выxодов: 2 быстросъема , 
Количество конденсаторов: 2 , 
Передвижной: Да , 
Масса нетто: 43,9 кг , 
Масса брутто: 47,85 кг , 
Габариты компрессора: 91 x 37 x 65 см, 
Размеры коробки: 92 x 34 x 66 см , 
Гарантийный срок: 12 месяцев ,
Простая и надежная конструкция компрессора позволяет широко использовать его в бытовых целях
Увеличенный масляный картер, для лучшей смазки и отвода тепла от поршневой группы
Защитные кожуха на головках цилиндров предотвращают от ожогов, делая конструкцию более безопасной
Конденсатор увеличенной емкости для работы на пониженном напряжении
Тепловая защита двигателя
Латунный обратный клапан
Регулировка давления на выходе
Два манометра
Два быстросъема с латунным клапаном.
Поршневой масляный компрессор с прямым приводом.
Компрессор поставляется с компрессорным маслом необходимого объема для стартового запуска компрессора. Масло может быть заправлено в картер компрессорной головы компрессора, либо перелито в отдельную
герметичную емкость для целей транспортировки во избежание утечки из
картера в зависимости от условий транспортировки изделия.

Внимание! В картере могут находиться остатки масла. Это связано с тем, что 100% устройств запускается на производстве после сборки для проверки на работоспособность.
Компрессор,
Фильтр воздушный (2 шт),
Колесо транспортировочное (2 шт),
Опорная ножка (2 шт),
Комплект крепежа.
AES-18PG   Манометр для компрессора ECO, резьба 18,
AES-14PG   Манометр для компрессора ECO, резьба 14,
AES-414P   Прессостат четырехходовой,
AES-4R   Регулятор давления четырехходовой,
AEF-122M   Фильтр воздушный (бумажн. фильтроэлемент, корпус - металл),
AEF-12P   Фильтр воздушный (бумажн. фильтроэлемент, корпус - пластик),
AB-FMT14   Соединение быстросъемное (латунь),
AS-FMT14   Соединение быстросъемное (сталь),
SGK-5   Набор пневмоинструмента ECO 5-в-1,";https://content.tools.by/images/products/cb-1892754600/54T/54THWmlu609IB6LSktqSbWUrp7oc5CSWGmvyXHrP.jpg
"Компрессор ECO AE-705-B1 ременной";AE-705-B1;858,47;"10 дней";"Параметры электрической сети: 230 В~, 50 Гц, 1ф , 
Потребляемая мощность: 2,2 кВт , 
Рабочее давление: 0–8 атм , 
Производительность: 380 л/мин , 
Ресивер: 70 л , 
Тип: поршневой , 
Тип смазки: масляный , 
Привод: ременной , 
Количество цилиндров: 2 (V-образн) , 
Объем масла: 0,4 л , 
Контроль уровня масла: масляной глазок , 
Количество выxодов: 2 быстросъема , 
Количество конденсаторов: 2 , 
Передвижной: Да , 
Масса нетто: 57,8 кг , 
Масса брутто: 63,3 кг , 
Габариты компрессора: 93 x 38 x 77,5 см, 
Размеры коробки: 935 x 385 x 775 мм , 
Гарантийный срок: 12 месяцев ,
V-образное расположение поршней способствует улучшенному охлаждению
Лопасти на маховике охлаждают гильзы цилиндров и масляный картер
Увеличенный масляный картер, для лучшей смазки и отвода тепла от поршневой группы
Тепловая защита двигателя
Регулировка давления на выходе
Два манометра
Латунный обратный клапан.
Чугунный коллектор.
Компрессор поставляется заправленный маслом.
Компрессор,
Фильтр воздушный (2 шт),
Колесо транспортировочное (4 шт),
Комплект крепежа.
AES-18PG   Манометр для компрессора ECO, резьба 18,
AES-14PG   Манометр для компрессора ECO, резьба 14,
AES-114P   Прессостат одноходовой,
AES-4R   Регулятор давления четырехходовой,
AEF-122M   Фильтр воздушный (бумажн. фильтроэлемент, корпус - металл),
AEF-12P   Фильтр воздушный (бумажн. фильтроэлемент, корпус - пластик),
AB-FMT14   Соединение быстросъемное (латунь),
AS-FMT14   Соединение быстросъемное (сталь),
AEP-22-380   Компрессорная голова,
SGK-5   Набор пневмоинструмента ECO 5-в-1,";https://content.tools.by/images/products/cb-0001084464/gIN/gINP7UNSqk7FbTzfYzrouWT3KRcAc0rPDGHIeSfv.jpg
"Компрессор ECO AE-1005-B2 ременной";AE-1005-B2;1101,77;"10 дней";"Параметры электрической сети: 230 В~, 50 Гц, 1ф , 
Потребляемая мощность: 2,2 кВт , 
Рабочее давление: 0–8 атм , 
Производительность: 380 л/мин , 
Ресивер: 100 л (вертик.), 
Тип: поршневой , 
Тип смазки: масляный , 
Привод: ременной , 
Количество цилиндров: 2 (V-образн) , 
Объем масла: 0,4 л , 
Контроль уровня масла: масляной глазок , 
Количество выxодов: 2 быстросъема , 
Количество конденсаторов: 2 , 
Передвижной: Да , 
Масса нетто: 83 кг , 
Масса брутто: 87,4 кг , 
Размеры коробки: 620 x 580 x 1280 мм , 
Гарантийный срок: 12 месяцев ,
V-образное расположение поршней способствует улучшенному охлаждению
Лопасти на маховике охлаждают гильзы цилиндров и масляный картер
Увеличенный масляный картер, для лучшей смазки и отвода тепла от поршневой группы
Ресивер расположен вертикально, для экономии места
Тепловая защита двигателя
Регулировка давления на выходе
Два манометра
Латунный обратный клапан.
Чугунный коллектор.
Компрессор поставляется заправленный маслом.
Компрессор поршневой клино-ременной, масляный, с вертикальным расположением ресивера занимает гораздо меньше места аналогичного компрессора с классическим горизонтальным расположением.
Компрессор,
Фильтр воздушный (2 шт),
Колесо транспортировочное (2 шт),
Опорная ножка (2 шт),
Комплект крепежа.
AES-18PG   Манометр для компрессора ECO, резьба 18,
AES-14PG   Манометр для компрессора ECO, резьба 14,
AES-114P   Прессостат одноходовой,
AES-4R   Регулятор давления четырехходовой,
AEF-122M   Фильтр воздушный (бумажн. фильтроэлемент, корпус - металл),
AEF-12P   Фильтр воздушный (бумажн. фильтроэлемент, корпус - пластик),
AB-FMT14   Соединение быстросъемное (латунь),
AS-FMT14   Соединение быстросъемное (сталь),
AEP-22-380   Компрессорная голова,
SGK-5   Набор пневмоинструмента ECO 5-в-1,";https://content.tools.by/images/products/cb-4292192055/NkW/NkWTZpQOefzuBf16YFWdYpbQhJdgaUQ0FBaRwtQj.jpg
"Компрессор ECO AE-1005-3 коаксиальный";AE-1005-3;766,07;2;"Параметры электрической сети: 230 В~, 50 Гц, 1ф , 
Потребляемая мощность: 2.2 кВт , 
Рабочее давление: 0–8 атм , 
Производительность: 440 л/мин , 
Ресивер: 100 л , 
Тип: поршневой , 
Тип смазки: масляный , 
Привод: прямой , 
Количество цилиндров: 2 , 
Объем масла: 0,4 л , 
Контроль уровня масла: масляной глазок , 
Количество выxодов: 2 быстросъема , 
Количество конденсаторов: 2 , 
Передвижной: Да , 
Масса нетто: 52,4 кг , 
Масса брутто: 56,8 кг , 
Габариты компрессора: 100 x 41,5 x 74 см, 
Размеры коробки: 105 x 37 x 76 см , 
Гарантийный срок: 12 месяцев ,
Простая и надежная конструкция компрессора позволяет широко использовать его в бытовых целях
Увеличенный масляный картер, для лучшей смазки и отвода тепла от поршневой группы
Конденсатор увеличенной емкости для работы на пониженном напряжении
Тепловая защита двигателя
Латунный обратный клапан
Регулировка давления на выходе
Два манометра
Два быстросъема с латунным клапаном.
Поршневой масляный компрессор с прямым приводом.
Компрессор поставляется с компрессорным маслом необходимого объема для стартового запуска компрессора. Масло может быть заправлено в картер компрессорной головы компрессора, либо перелито в отдельную
герметичную емкость для целей транспортировки во избежание утечки из
картера в зависимости от условий транспортировки изделия.

Внимание! В картере могут находиться остатки масла. Это связано с тем, что 100% устройств запускается на производстве после сборки для проверки на работоспособность.
Компрессор,
Фильтр воздушный (2 шт),
Колесо транспортировочное (2 шт),
Опорная ножка (2 шт),
Комплект крепежа.
AES-18PG   Манометр для компрессора ECO, резьба 18,
AES-14PG   Манометр для компрессора ECO, резьба 14,
AES-414P   Прессостат четырехходовой,
AES-4R   Регулятор давления четырехходовой,
AEF-122M   Фильтр воздушный (бумажн. фильтроэлемент, корпус - металл),
AEF-12P   Фильтр воздушный (бумажн. фильтроэлемент, корпус - пластик),
AB-FMT14   Соединение быстросъемное (латунь),
AS-FMT14   Соединение быстросъемное (сталь),
SGK-5   Набор пневмоинструмента ECO 5-в-1,";https://content.tools.by/images/products/cb-2811062268/1rN/1rNzvnaz1pDHgYuzdhuP4jklA3EoPGDuKPc3JKXL.jpg
"Компрессор ECO AE-501-4 коаксиальный";AE-501-4;359,25;"10 дней";"Параметры электрической сети: 220 В 50 Гц 1ф, 
Потребляемая мощность: 1.8 кВт, 
Рабочее давление: 0–8 атм, 
Производительность: 260 л/мин, 
Ресивер: 50 л, 
Тип: поршневой, 
Тип смазки: масляный, 
Привод: прямой, 
Количество цилиндров: 1, 
Объем масла: 0,3 л, 
Контроль уровня масла: масляной глазок, 
Количество выxодов: 2 , 
Количество конденсаторов: 1, 
Передвижной: Да, 
Масса нетто: 25,9 кг, 
Масса брутто: 28,5 кг, 
Габариты компрессора: 66 x 37 x 64 см, 
Размеры коробки: 75 x 32 x 61 см , 
Гарантийный срок: 12 месяцев ,
Регулятор давления
2 выхода ( быстросъем и кран с переходником ) -
Воздушный фильтр с поролоновым фильтроэлементом
Манометры с пластиковым корпусом
Колеса с резиновыми накладками
ВНИМАНИЕ!!!
Уровень масла должен быть немного выше верхней границы красной точки на глазке!
Компрессор поставляется с компрессорным маслом необходимого объема для стартового запуска компрессора. Масло может быть заправлено в картер компрессорной головы компрессора, либо перелито в отдельную
герметичную емкость для целей транспортировки во избежание утечки из
картера в зависимости от условий транспортировки изделия.

Внимание! В картере могут находиться остатки масла. Это связано с тем, что 100% устройств запускается на производстве после сборки для проверки на работоспособность.
Компрессор,
Фильтр воздушный,
Колесо транспортировочное (2 шт),
Опорная ножка (2 шт),
Комплект крепежа,
Сапун.
AES-18PG   Манометр для компрессора ECO, резьба 18,
AES-14PG   Манометр для компрессора ECO, резьба 14,
AES-414P   Прессостат четырехходовой,
AES-4R   Регулятор давления четырехходовой,
AEF-122M   Фильтр воздушный (бумажн. фильтроэлемент, корпус - металл),
AEF-12P   Фильтр воздушный (бумажн. фильтроэлемент, корпус - пластик),
AB-FMT14   Соединение быстросъемное (латунь),
AS-FMT14   Соединение быстросъемное (сталь),
SGK-5   Набор пневмоинструмента ECO 5-в-1,";https://content.tools.by/images/products/cb-0822614500/g1u/g1uzWcEkkbI25lRl85KgK3Q5qnxXalBBnbBCeJgz.jpg
"Компрессор ECO AE-1005-2 ременной";AE-1005-2;1182,87;"10 дней";"Параметры электрической сети: 380 В~, 50 Гц, 3ф , 
Потребляемая мощность: 3,0 кВт , 
Рабочее давление: 0–8 атм , 
Производительность: 580 л/мин , 
Ресивер: 100 л , 
Тип: поршневой , 
Тип смазки: масляный , 
Привод: ременной , 
Количество цилиндров: 3 (W-образн) , 
Объем масла: 0,75 л , 
Контроль уровня масла: масляной глазок , 
Количество выxодов: 2 , 
Передвижной: Да , 
Масса нетто: 87,8 кг , 
Масса брутто: 99,8 кг , 
Габариты компрессора: 116 x 43 x 83,5 см , 
Размеры коробки: 120 x 49 x 88 см , 
Гарантийный срок: 12 месяцев ,
W-образное расположение поршней способствует улучшенному охлаждению
Лопасти на маховике охлаждают гильзы цилиндров и масляный картер
Увеличенный масляный картер, для лучшей смазки и отвода тепла от поршневой группы
Тепловая защита двигателя
Регулировка давления на выходе
Два манометра
Латунный обратный клапан.
Чугунный коллектор.
Компрессор поставляется заправленный маслом.
Компрессор поршневой клино-ременной, масляный, с 3-цилиндровой W-образной помпой.
Компрессор,
Фильтр воздушный (3 шт),
Колесо транспортировочное (4 шт),
Комплект крепежа.";https://content.tools.by/images/products/cv-4844046726/KIj/KIjHxu4fJJizhwvbgJKP4CAeyQH0L4Wd78fP85hI.jpg
"Компрессор ECO AE-2005-2 ременной";AE-2005-2;1591,35;"10 дней";"Параметры электрической сети: 380 В~, 50 Гц, 3ф, 
Потребляемая мощность: 3,0 кВт, 
Рабочее давление: 0–8 атм, 
Производительность: 580 л/мин, 
Ресивер: 200 л, 
Тип: поршневой, 
Тип смазки: масляный, 
Привод: ременной, 
Количество цилиндров: 3 (W-образн), 
Объем масла: 0,75 л, 
Контроль уровня масла: масляной глазок, 
Количество выxодов: 2, 
Передвижной: Да, 
Масса нетто: 113,4 кг, 
Масса брутто: 136,8 кг, 
Габариты компрессора: 147 x 47,5 x 96 см, 
Гарантийный срок: 12 месяцев,
W-образное расположение поршней способствует улучшенному охлаждению
Лопасти на маховике охлаждают гильзы цилиндров и масляный картер
Увеличенный масляный картер, для лучшей смазки и отвода тепла от поршневой группы
Тепловая защита двигателя
Регулировка давления на выходе
Два манометра
Латунный обратный клапан.
Чугунный коллектор.
Компрессор поставляется заправленный маслом.
Компрессор поршневой клино-ременной, масляный, с 3-цилиндровой W-образной помпой.
Компрессор,
Фильтр воздушный (3 шт),
Колесо транспортировочное (4 шт),
Комплект крепежа.";https://content.tools.by/images/products/cv-3802946076/Z3t/Z3tdTOxG8jD1zAtl54KRBBiDarfvezDlCi87X44D.jpg
"Компрессор ECO AE-25-OF1 безмасляный";AE-25-OF1;384,13;"10 дней";"Тип: поршневой, 
Тип смазки: безмасляный, 
Привод: прямой, 
Ресивер: 24 л, 
Потребляемая мощность: 0,8 кВт, 
Производительность: 140 л/мин, 
Параметры электрической сети: 230 В, 50 Гц, 
Максимальное давление: 0–8 атм, 
Количество цилиндров: 2, 
Количество быстросъёмов: 1, 
Количество конденсаторов: 1, 
Передвижной: Да, 
Масса нетто: 19 кг, 
Масса брутто: 21,3 кг, 
Габариты компрессора: 53 x 32 x 54,5 см, 
Габариты упаковки: 58,2 x 27,5 x 57 см, 
Гарантийный срок: 12 месяцев,
Для использования не требуется заливка масла
Низкий уровень шума
2-цилиндровый
Регулятор давления
Электромагнитный клапан
Манометры с металлическим корпусом
Дополнительная воздушная трубка для уменьшения уровня шума
Воздушный фильтр с бумажным фильтроэлементом
Компрессор,
Фильтр воздушный (1 шт),
Воздушная трубка (1шт),
Колесо транспортировочное (2 шт),
Опорная ножка (1 шт),
Комплект крепежа,";https://content.tools.by/images/products/cb-0015575040/QEI/QEIAjkMvMOptUv8GwSU34j17BarCegkr107Okq34.jpg
"Манометр для компрессора ECO";AES-18GM;9,44;0;"Присоединительная резьба - 1/8"",
Диаметр циферблата - 4см.
Вес нетто: 60 г,
Вес брутто: 63 г.

Подходит к компрессорам с прямым приводом:
ECO AE 251,
ECO AE-251-12,
ECO AE-251-15,
ECO AE-251-18,
ECO AE-251-18HD,
ECO AE 501 установлено 2шт,
ECO AE-501-15,
ECO AE-501-18HD,
ECO AE 502 установлено 2шт,
ECO AE-502-22,
ECO AE-502-22.1,
ECO AE-702-22,

Подходит к компрессорам с ременным приводом:
ECO AE 702 установлено 2шт,
ECO AE-704-22,
ECO AE-1004-22,
ECO AE-1004V-22,
ECO AE-703-22HD,
ECO AE-1000-22HD,";https://content.tools.by/images/products/cb-0031247424/9Pd/9Pd1zVqdg9butaeUayMNOtGWdv5Lp0P09EEgWLy7.jpg
"Фильтр воздушный для компрессора ECO";AEF-12P;6,77;"10 дней";"Присоединительная резьба: 1/2"", 
Фильтроэлемент: бумажный, 
Материал корпуса: полимер, 
Масса нетто: 83 г, 
Масса брутто: 88 г,
Подходит к компрессорам с прямым приводом:
ECO AE 251,
ECO AE-251-12,
ECO AE-251-15,
ECO AE-251-18,
ECO AE-251-4,
ECO AE 401,
ECO AE 501,
ECO AE-501-15,
ECO AE-501-3,
ECO AE 502,
ECO AE-502-22,
ECO AE-502-22.1,
ECO AE-502-3,
ECO AE-702-22,
ECO AE-705-3,
DGM AC-152,
DGM AC-253,

Подходит к компрессорам с ременным приводом:
ECO AE 702,
ECO AE-704-22,
ECO AE-705-B1,
ECO AE-1004-22,
ECO AE-1004V-22,
ECO AE-1005-B1,
ECO AE-1005-B2,
ECO AE-1500-30HD,
DGM AC-2100,
AEF-12PC фильтроэлемент бумажный 1/2"",";https://content.tools.by/images/products/cb-1413708800/BDI/BDIwAEnFAWZUI83LJYVdyDHI9dwGVDalxyDSyJOU.jpg
"Фильтроэлемент бумажный для фильтра воздушного AEF-12P";AEF-12PC;3,67;0;"Диаметр - 64 мм,
Высота - 35 мм,
Вес нетто: 21 г,
Вес брутто: 26 г.

Для замены в фильтрах AEF-12P";https://content.tools.by/images/products/cb-0013033100/uZg/uZgruVEmo2zR4iWiYpiIabzU8n7S7rxwKdWhYlJX.jpg
"Компрессорная голова ECO AEP-22-380";AEP-22-380;278,66;"10 дней";"Производительность: 380 л/мин, 
Максимальное давление: 8 бар, 
Тип: поршневой, 
Тип смазки: масляный, 
Объем масла: 0.4 л, 
Диаметр поршня: 65 мм, 
Количество цилиндров: 2, 
Максимальные обороты вала: 1000 об/мин, 
Диаметр шкива: 254 мм, 
Профиль ремня: A: 
Расстояние между крепежныx отверстий: 90 x 172 мм, 
Резьба воздушного фильтра: 1/2"", 
Требуемые крепежные болты: М8, 
Масса нетто: 13,8 кг, 
Масса брутто: 17,8 кг, 
Гарантийный срок: 12 месяцев,
Компрессорная голова с ременным приводом и шкивом под 1 ремень с профилем A.
Для работы необходим двигатель с мощностью - 2,2 кВт.

Внимание! В картере могут находиться остатки масла. Это связано с тем, что 100% устройств запускается на производстве после сборки для проверки на работоспособность.
В комплекте идут два воздушных фильтра.
AEF-12PC фильтроэлемент бумажный,
AEF-12P фильтр воздушный 1/2',
AEF-122M  фильтр воздушный 1/2',";https://content.tools.by/images/products/cb-3555404704/m58/m58BdNpToNG9BA0QPcYQ7MGUFgzIjRxV8K0cDPEL.jpg
"Компрессорная голова ECO AEP-40-600";AEP-40-600;484,23;"10 дней";"Производительность: 600 л/мин, 
Максимальное давление: 10 бар, 
Тип: поршневой, 
Тип смазки: масляный, 
Объем масла: 0.85 л, 
Диаметр поршня: 90 мм, 
Количество цилиндров: 2, 
Максимальные обороты вала: 800 об/мин, 
Резьба выxода: М33 x 1.5, 
Расстояние между крепежныx отверстий: 135 x 260 мм, 
Требуемые крепежные болты: М10, 
Диаметр шкива: 345 мм, 
Профиль ремня: B, 
Масса нетто: 33 кг, 
Масса брутто: 35,5 кг, 
Гарантийный срок: 12 месяцев,
Компрессорная голова с ременным приводом.
Шкив на два ремня с профилем B.
Для работы необходим двигатель с мощностью - 3,3 - 4 кВт.

Внимание! В картере могут находиться остатки масла. Это связано с тем, что 100% устройств запускается на производстве после сборки для проверки на работоспособность.
В комплекте идут два воздушных фильтра.";https://content.tools.by/images/products/cb-6027170688/Frb/FrbflVmHGiQzWC6m0wWOzPHVmNJfHUUsjVmZc78K.jpg
"Компрессорная голова ECO AEP-75-900";AEP-75-900;664,45;"5 дней";"Производительность: 900 л/мин, 
Максимальное давление: 10 бар, 
Тип: поршневой, 
Тип смазки: масляный, 
Объем масла: 1.5 л, 
Диаметр поршня: 90 мм, 
Количество цилиндров: 3, 
Максимальные обороты вала: 800 об/мин, 
Резьба выxода: М33 x 1.5, 
Диаметр шкива: 345 мм, 
Профиль ремня: B, 
Расстояние между крепежныx отверстий: 170 x 252 мм, 
Требуемые крепежные болты: М10, 
Масса нетто: 33,7 кг, 
Масса брутто: 41,2 кг, 
Гарантийный срок: 12 месяцев,
Компрессорная голова с ременным приводом.
Шкив на два ремня с профилем B.
Для работы необходим двигатель с мощностью - 7,5 кВт.

Внимание! В картере могут находиться остатки масла. Это связано с тем, что 100% устройств запускается на производстве после сборки для проверки на работоспособность.
В комплекте идут три воздушных фильтра.";https://content.tools.by/images/products/cb-0015035517/DSU/DSUItsiyNPRtYmyeONS2yGYu7QC9g4CCTTLUbLLB.jpg
"Манометр для компрессора ЕСО, резьба 1/8""";AES-18PG;9,46;"10 дней";"Присоединительная резьба: 1/8"", 
Диаметр циферблата: 4 см, 
Материал корпуса: металл , 
Давление: 0–12 бар, 
Масса нетто: 57 г, 
Масса брутто: 59 г,";https://content.tools.by/images/products/cb-0006916250/93X/93XkrOhMR0lKzjmsQDaXVEnrQkaBpetErXQjmLFr.jpg
"Манометр для компрессора ЕСО, резьба 1/4""";AES-14PG;9,46;"10 дней";"Присоединительная резьба: 1/4"", 
Диаметр циферблата: 5 см, 
Материал корпуса: металл, 
Давление: 0–12 бар, 
Масса нетто: 69 г, 
Масса брутто: 71 г,";https://content.tools.by/images/products/cb-4486854120/LqB/LqBVaHVN5kLgzviV0XQ1mORfNGPjINx0Ne1eEu4a.jpg
"Фильтр воздушный для компрессора ECO";AEF-122M;7,78;"10 дней";"Присоединительная резьба: 1/2"", 
Масса нетто: 0,15 кг, 
Масса брутто: 0,16 кг,
Фильтр воздушный с металлическим корпусом фильтра и бумажным фильтроэлементом. Присоединительная резьба - 1/2"".

Аналог фильтра AEF-121M. 

Подходит к компрессорам с прямым приводом:
ECO AE 251,
ECO AE-251-12,
ECO AE-251-15,
ECO AE-251-18,
ECO AE-251-4,
ECO AE 401,
ECO AE 501,
ECO AE-501-15,
ECO AE-501-3,
ECO AE 502,
ECO AE-502-22,
ECO AE-502-22.1,
ECO AE-502-3,
ECO AE-702-22,
ECO AE-705-3,
DGM AC-126,
DGM AC-152,
DGM AC-253,

Подходит к компрессорам с ременным приводом:
ECO AE 702,
ECO AE-704-22,
ECO AE-705-B1,
ECO AE-1004-22,
ECO AE-1004V-22,
ECO AE-1005-B1,
ECO AE-1005-B2,
ECO AE-1500-30HD,
DGM AC-2100,
AEF-002M Фильтроэлемент бумажный,";https://content.tools.by/images/products/cb-1244588436/Rjq/RjqzCLYkXC1vFNDZmyFMf3GTmLbKBji6i91Rw3kq.jpg
"Фильтр воздушный для компрессора ECO";AEF-382M;8,30;"10 дней";"Присоединительная резьба: 3/8"", 
Масса нетто: 0,15 кг, 
Масса брутто: 0,16 кг,
Фильтр воздушный с металлическим корпусом фильтра и бумажным фильтроэлементом. Присоединительная резьба — 3/8"".

Подходит к компрессорам с прямым приводом:
ECO AE-251-3
DGM AC-127
DGM AC-153
DGM AC-254
DGM AC-2101
AEF-002M Фильтроэлемент бумажный,";https://content.tools.by/images/products/cv-2390482368/OJc/OJcX68IaW2Vd4MrILHTTWKwAsiCzfXYmHthO5d3Q.jpg
"Компрессор DGM AC-127 коаксиальный";AC-127;298,41;0;"ВНИМАНИЕ!!!
Уровень масла должен быть немного выше верхней границы красной точки на глазке!
---
Преимущества:
- Регулятор давления,
- 1 быстросъемный выход,
- Воздушный фильтр с поролоновым фильтроэлементом,
- Контрольный глазок для проверки уровня масла,
---
Технические характеристики:
Тип: поршневой,
Тип смазки: масляный,
Привод: прямой,
Ресивер: 24 л,
Потребляемая мощность: 1.5 кВт,
Производительность: 235 л/мин,
Объем масла: 0,25 л,
Параметры сети: 220 В ~ 50 Гц,
Максимальное давление: 8 атм,
Количество цилиндров: 1,
Вес нетто: 21 кг,
Вес брутто: 21,7 кг,
Габариты компрессора: 53*34*54 см,
Гарантийный срок: 12 месяцев.
---
Комплектация:
Компрессор,
Фильтр воздушный,
Колесо транспортировочное (2 шт),
Опорная ножка,
Комплект крепежа,
Ёмкость с маслом,
Сапун.
---
Компрессор поставляется с компрессорным маслом необходимого объема для стартового запуска компрессора. Масло может быть заправлено в картер компрессорной головы компрессора, либо перелито в отдельную герметичную емкость для целей транспортировки во избежание утечки из картера в зависимости от условий транспортировки изделия.

Внимание! В картере могут находиться остатки масла. Это связано с тем, что 100% устройств запускается на производстве после сборки для проверки на работоспособность.";https://content.tools.by/images/products/cb-4922101508/iZm/iZm7LKkwgiPw5Glsex7teHqhtft92QT1QAdcC1oQ.jpg
"Компрессор DGM AC-153 коаксиальный";AC-153;394,13;0;"ВНИМАНИЕ!!!
Уровень масла должен быть немного выше верхней границы красной точки на глазке!
---
Преимущества:
- Надежный индукционный бесщеточный двигатель,
- Регулятор давления,
- 2 быстросъемных выхода,
- Воздушный фильтр с поролоновым фильтроэлементом,
- Контрольный глазок для проверки уровня масла,
---
Технические характеристики:
Напряжение/частота: 220В/50Гц,
Мощность: 1,8 кВт,
Производительность: 260 л/мин,
Объем масла: 0,3 л,
Объём ресивера: 50 л,
Рабочее давление: 8 атм,
Двигатель: 2850 об/мин.,
Вес нетто: 29 кг,
Вес брутто: 31,7 кг,
Габариты компрессора: 67*39*62 см, 
Гарантийный срок: 12 месяцев,
---
Комплектация:
Компрессор,
Фильтр воздушный,
Колесо транспортировочное (2 шт),
Опорная ножка (2 шт),
Комплект крепежа,
Ёмкость с маслом,
Сапун.
---
Компрессор поставляется с компрессорным маслом необходимого объема для стартового запуска компрессора. Масло может быть заправлено в картер компрессорной головы компрессора, либо перелито в отдельную герметичную емкость для целей транспортировки во избежание утечки из картера в зависимости от условий транспортировки изделия.

Внимание! В картере могут находиться остатки масла. Это связано с тем, что 100% устройств запускается на производстве после сборки для проверки на работоспособность.";https://content.tools.by/images/products/cb-0308071540/qhY/qhYFo2fHcnF0iYZ7qs1060vShAT6x7MKCAYP3Xat.jpg
"Компрессор DGM AC-254 коаксиальный";AC-254;533,32;"10 дней";"Тип: поршневой, 
Тип смазки: масляный, 
Привод: прямой, 
Ресивер: 50 л, 
Потребляемая мощность: 2.2 кВт, 
Производительность: 440 л/мин, 
Объем масла: 0,4 л, 
Параметры электрической сети: 230 В, 50 Гц, 
Максимальное давление: 8 атм, 
Количество цилиндров: 2, 
Количество выходов: 2 (быстросъем), 
Контроль уровня масла: масляной глазок, 
Передвижной: Да, 
Масса нетто: 40 кг, 
Масса брутто: 42,3 кг, 
Габариты компрессора: 69 x 44 x 70 см, 
Габариты упаковки: 73 x 41 x 70.5 см,
Гарантийный срок: 12 месяцев,
2-цилиндровый
Регулятор давления
Клапан облегчения запуска компрессора
2 быстросъемных выхода
Воздушный фильтр с поролоновым фильтроэлементом
Контрольный глазок для проверки уровня масла
ВНИМАНИЕ!!!
Уровень масла должен быть немного выше верхней границы красной точки на глазке!
Компрессор поставляется с компрессорным маслом необходимого объема для стартового запуска компрессора. Масло может быть заправлено в картер компрессорной головы компрессора, либо перелито в отдельную герметичную емкость для целей транспортировки во избежание утечки из картера в зависимости от условий транспортировки изделия.

Внимание! В картере могут находиться остатки масла. Это связано с тем, что 100% устройств запускается на производстве после сборки для проверки на работоспособность.
Компрессор,
Фильтр воздушный (2 шт),
Колесо транспортировочное (2 шт),
Опорная ножка (2 шт),
Комплект крепежа,
Ёмкость с маслом,
Сапун.";https://content.tools.by/images/products/cb-0310140350/dsN/dsNusG6wmZ6E1I7Eb4FM2o9MS7PYzfrjFYviIHwz.jpg
"Компрессор DGM AC-2101 коаксиальный";AC-2101;727,81;"10 дней";"Тип: поршневой, 
Тип смазки: масляный, 
Привод: прямой, 
Ресивер: 100 л, 
Потребляемая мощность: 2.2 кВт, 
Производительность: 440 л/мин, 
Объем масла: 0,4 л, 
Параметры электрической сети: 230 В, 50 Гц, 
Максимальное давление: 0–8 атм, 
Количество цилиндров: 2, 
Количество быстросъёмов: 2, 
Количество конденсаторов: 1, 
Контроль уровня масла: масляной глазок, 
Передвижной: Да, 
Масса нетто: 49,4 кг, 
Масса брутто: 56,8 кг, 
Габариты компрессора: 75 x 48 x 78,5 см, 
Габариты коробки: 86 x 44,5 x 78,5 см, 
Гарантийный срок: 12 месяцев,
2-цилиндровый  
Регулятор давления  
Клапан облегчения запуска компрессора  
2 быстросъемных выхода  
Воздушный фильтр с поролоновым фильтроэлементом  
Контрольный глазок для проверки уровня масла
ВНИМАНИЕ!!!
Уровень масла должен быть немного выше верхней границы красной точки на глазке!
Особенности:
- 2-цилиндровый,
- Регулятор давления,
- Клапан облегчения запуска компрессора,
- 2 быстросъемных выхода,
- Воздушный фильтр с поролоновым фильтроэлементом,
- Контрольный глазок для проверки уровня масла,
Компрессор поставляется с компрессорным маслом необходимого объема для стартового запуска компрессора. Масло может быть заправлено в картер компрессорной головы компрессора, либо перелито в отдельную герметичную емкость для целей транспортировки во избежание утечки из картера в зависимости от условий транспортировки изделия.

Внимание! В картере могут находиться остатки масла. Это связано с тем, что 100% устройств запускается на производстве после сборки для проверки на работоспособность.
Компрессор,
Фильтр воздушный (2 шт),
Колесо транспортировочное (2 шт),
Опорная ножка (2 шт),
Комплект крепежа,
Ёмкость с маслом,
Сапун.";https://content.tools.by/images/products/cb-2796355324/ff7/ff7ALA8KJfpmhqtA7K29ELm3t90KbBtDv6tBIRaF.jpg
"Регулятор давления семиходовой для компрессора ECO";AES-7R;16,58;"10 дней";"Резьба для подключения быстросъемного соединения: 14 (мама),
Резьба для подключения манометра: 18 (мама),
Резьба для подключения прессостата: 14 (папа),
Резьба для подключения к рессиверу: 12 (папа),
Вес нетто: 0,2 кг,
Вес брутто: 0,25 кг.

Подходит к компрессорам с прямым приводом:
ECO AE 501,
ECO AE 502,

Подходит к компрессорам с ременным приводом:
ECO AE 702,";https://content.tools.by/images/products/cb-0057494056/ojl/ojlugP4l3KnDy9Qw06bAp9JxfVAk6N79EHrqcMQ9.jpg
"Регулятор давления четырехходовой для компрессора ECO";AES-4R;10,08;"10 дней";"Размеры резьб: 1/4"" (мама), 
Масса нетто: 101 г, 
Масса брутто: 105 г,
Подходит к компрессорам с прямым приводом:
ECO AE-251-3,
ECO AE-251-4,
ECO AE-251-12,
ECO AE-251-15,
ECO AE-251-18,
ECO AE-251-18HD,
ECO AE-501-3,
ECO AE-501-4,
ECO AE-501-15,
ECO AE-501-18HD,
ECO AE-502-3,
ECO AE-502-22,
ECO AE-502-22.1,
ECO AE-702-22,
ECO AE-705-3,
ECO AE-1005-3,

Подходит к компрессорам с ременным приводом:
ECO AE-704-22,
ECO AE-1004-22,
ECO AE-1004V-22,
ECO AE-703-22HD,
ECO AE-1000-22HD,
HDC HD-A051,
HDC HD-A071,
HDC HD-A101,

Подходит к безмасляным компрессорам:
ECO AE-10-OF1,
ECO AE-25-OF1,
ECO AE-50-OF1,

и к другим аналогичным моделям";https://content.tools.by/images/products/cb-5942794752/YUX/YUX47haG7h5fYhVjJ0WTIwTBcu7kbWD6OwHBTjKd.jpg
"Прессостат одноходовой для компрессора ECO";AES-114P;20,91;"10 дней";"Присоединительная резьба: 1/4"", 
Давление включения: 6 бар, 
Давление отключения: 8 бар, 
Номинальный ток: 10 А, 
Номинальное напряжение: 1ф 230 В, 
Класс защиты: IP30, 
Масса нетто: 0,35 кг, 
Масса брутто: 0,36 кг.
Подходит к компрессорам с прямым приводом:
ECO AE 501,
ECO AE 502,

Подходит к компрессорам с ременным приводом:
ECO AE 702,";https://content.tools.by/images/products/cb-0022825365/vlP/vlPmzJgt07uYPGoMYh8spjGY8QBaamz4VneJf8bE.jpg
"Прессостат четырехходовой для компрессора ECO";AES-414P;20,91;"3 дня";"Присоединительная резьба: 1/4"", 
Давление включения: 6 бар, 
Давление отключения: 8 бар, 
Номинальный ток: 10 А, 
Номинальное напряжение: 1ф 230 В, 
Класс защиты: IP30, 
Масса нетто: 0,35 кг, 
Масса брутто: 0,36 кг.
Подходит к компрессорам с прямым приводом:
ECO AE-251-3,
ECO AE-251-4,
ECO AE-251-12,
ECO AE-251-15,
ECO AE-251-18,
ECO AE-251-18HD,
ECO AE-501-3,
ECO AE-501-4,
ECO AE-501-15,
ECO AE-501-18HD,
ECO AE-502-3,
ECO AE-502-22,
ECO AE-502-22.1,
ECO AE-702-22,
ECO AE-705-3,
ECO AE-1005-3,
и к другим аналогичным моделям

Подходит к компрессорам с ременным приводом:
ECO AE-704-22,
ECO AE-1004-22,
ECO AE-1004V-22,
ECO AE-703-22HD,
ECO AE-1000-22HD,
HDC HD-A051,
HDC HD-A071,
HDC HD-A101,
и к другим аналогичным моделям

Подходит к безмасляным компрессорам:
ECO AE-10-OF1,
ECO AE-25-OF1,
ECO AE-50-OF1,";https://content.tools.by/images/products/cb-0103821592/vGS/vGSYHm1ZF525sWj03bejHA2EI9euYjkVd3Fc0Nrp.jpg
"Компрессор ECO AE-10-OF1 безмасляный";AE-10-OF1;294,07;"4 дня";"Тип: поршневой, 
Тип смазки: безмасляный, 
Привод: прямой, 
Ресивер: 10 л, 
Потребляемая мощность: 0,7 кВт, 
Производительность: 120 л/мин, 
Параметры электрической сети: 230 В, 50 Гц, 
Максимальное давление: 0–8 атм, 
Количество цилиндров: 2, 
Количество быстросъёмов: 1, 
Количество конденсаторов: 1, 
Передвижной: Да, 
Масса нетто: 14 кг, 
Масса брутто: 15,3 кг, 
Габариты компрессора: 46,5 x 20,5 x 46,5 см, 
Габариты упаковки: 49 x 21 x 49 см, 
Гарантийный срок: 12 месяцев,
Компактный и удобный для переноски
Для использования не требуется заливка масла
Низкий уровень шума
2-цилиндровый
Регулятор давления
Электромагнитный клапан
Манометры с металлическим корпусом
-Дополнительная воздушная трубка для уменьшения уровня шума
Воздушный фильтр с бумажным фильтроэлементом
Компрессор,
Фильтр воздушный (1 шт),
Воздушная трубка (1шт),";https://content.tools.by/images/products/cv-2257750656/pci/pcizBxCfQEMl7Di3X06HbFVrmbtXoOobFO3RK2y7.jpg
"Компрессор HDC HD-A051 ременной";HD-A051;902,79;"10 дней";"Параметры электрической сети: 230 В~, 50 Гц, 1ф , 
Потребляемая мощность: 2,2 кВт , 
Рабочее давление: 0–10 атм , 
Производительность: 396 л/мин , 
Ресивер: 50 л , 
Тип: поршневой , 
Тип смазки: масляный , 
Привод: ременной , 
Количество цилиндров: 2 (рядный) , 
Объем масла: 0,85 л , 
Контроль уровня масла: масляной глазок , 
Количество выxодов: 2 быстросъема , 
Количество конденсаторов: , 
Передвижной: Да , 
Масса нетто: 52,5 кг , 
Масса брутто: 56 кг , 
Размеры коробки: 81 x 38 x 71 см , 
Гарантийный срок: 12 месяцев ,
2-цилиндровая рядная голова - равномерное охлаждение, меньше вибраций
Дополнительный теплоотвод на выходе головы
Внимание! Режим работы - повторно-кратковременный. 
Продолжительность одного цикла от 6 до 10 минут, с последующим перерывом до 10 минут. Допускается непрерывная работа электродвигателя компрессора не более 15 минут, но не чаще одного раза в течение двух часов.
Компрессор
Фильтр воздушный
Колесо транспортировочное (2 шт)
Опорная ножка (2 шт)
Комплект крепежа
AES-18PG   Манометр для компрессора ECO, резьба 18,
AES-14PG   Манометр для компрессора ECO, резьба 14,
AES-414P   Прессостат четырехходовой,
AES-4R   Регулятор давления четырехходовой,
AB-FMT14   Соединение быстросъемное (латунь),
AS-FMT14   Соединение быстросъемное (сталь),";https://content.tools.by/images/products/cv-6332872716/I6M/I6MTAWUDBx9cQgCvJokZjbjhqWDCyw7TlLOECaXB.jpg
"Компрессор HDC HD-A103 ременной";HD-A103;1823,42;"10 дней";"Параметры электрической сети: 380 В 50 Гц 3ф, 
Потребляемая мощность: 3,3 кВт, 
Рабочее давление: 0–10 атм, 
Производительность: 600 л/мин, 
Ресивер: 100 л, 
Тип: поршневой, 
Тип смазки: масляный, 
Привод: ременной, 
Количество цилиндров: 2 (V-образный), 
Объем масла: 0,85 л, 
Контроль уровня масла: масляной глазок, 
Количество выxодов: 2 быстросъема, 
Количество конденсаторов: , 
Передвижной: Да , 
Масса нетто: 116,8 кг , 
Масса брутто: 132,3 кг , 
Габариты компрессора: 1154293 см, 
Размеры коробки: 122 x 51 x 94 см , 
Гарантийный срок: 12 месяцев ,
V-образная массивная помпа с большими ребрами для охлаждения
Мощный трехфазный двигатель с медной обмоткой
Низкая скорость вращения помпы гарантирует длительный ресурс и минимальную вибрацию
Магнитный пускатель для защиты трехфазного двигателя
2 передаточных ремня снижение нагрузки на привод, увеличение ресурса
2 пневмовыхода один с регулятором давления другой напрямую соединен с ресивером
Расширительная пробка для увеличения емкости ресивера
Воздушные фильтры с бумажными фильтроэлементами
Компрессор поставляется заправленный маслом.
В комплекте нет сетевого провода и вилки, оборудование необходимо оснастить необходимыми пользователю сетевым проводом и вилкой.
Подключать к электросети необходимо через автомат.
Компрессор,
Фильтр воздушный (2 шт),
Колесо транспортировочное (4 шт),
Комплект крепежа,
AES-18PG   Манометр для компрессора ECO, резьба 18,
AES-14PG   Манометр для компрессора ECO, резьба 14,
AES-114P   Прессостат одноехходовой,
AB-FMT14   Соединение быстросъемное (латунь),
AS-FMT14   Соединение быстросъемное (сталь),
AEP-40-600   Компрессорная голова,";https://content.tools.by/images/products/cb-0162163692/vP5/vP5jvwPMVuTZNT0Q4AvM106oIUWJUgcH8Ba3g5Sy.jpg
"Компрессор HDC HD-A101 ременной";HD-A101;1207,22;"10 дней";"Параметры электрической сети: 230 В~, 50 Гц, 1ф , 
Потребляемая мощность: 2,2 кВт , 
Рабочее давление: 0–10 атм , 
Производительность: 396 л/мин , 
Ресивер: 100 л, 
Тип: поршневой , 
Тип смазки: масляный , 
Привод: ременной , 
Количество цилиндров: 2 (рядный) , 
Объем масла: 0,85 л , 
Контроль уровня масла: масляной глазок , 
Количество выxодов: 2 быстросъема , 
Количество конденсаторов: , 
Передвижной: Да , 
Масса нетто: 64,9 кг , 
Масса брутто: 69,9 кг , 
Размеры коробки: 112 x 41 x 90 см , 
Гарантийный срок: 12 месяцев ,
2-цилиндровая рядная голова - равномерное охлаждение, меньше вибраций
Дополнительный теплоотвод на выходе головы
Внимание! Режим работы - повторно-кратковременный. 
Продолжительность одного цикла от 6 до 10 минут, с последующим перерывом до 10 минут. Допускается непрерывная работа электродвигателя компрессора не более 15 минут, но не чаще одного раза в течение двух часов.
Компрессор,
Фильтр воздушный,
Колесо транспортировочное (2 шт),
Опора колесная поворотная,
Комплект крепежа,
AES-18PG   Манометр для компрессора ECO, резьба 18,
AES-14PG   Манометр для компрессора ECO, резьба 14,
AES-414P   Прессостат четырехходовой,
AES-4R   Регулятор давления четырехходовой,
AB-FMT14   Соединение быстросъемное (латунь),
AS-FMT14   Соединение быстросъемное (сталь),";https://content.tools.by/images/products/cb-1736621936/WgY/WgYOACGou80S0HDralBgGtU19pRxOfOJAZi1iGyd.jpg
"Компрессор HDC HD-A071 ременной";HD-A071;1007,34;"10 дней";"Параметры электрической сети: 230 В~, 50 Гц, 1ф , 
Потребляемая мощность: 2,2 кВт , 
Рабочее давление: 0–10 атм , 
Производительность: 396 л/мин , 
Ресивер: 70 , 
Тип: поршневой , 
Тип смазки: масляный , 
Привод: ременной , 
Количество цилиндров: 2 (рядный) , 
Объем масла: 0,85 л , 
Контроль уровня масла: масляной глазок , 
Количество выxодов: 2 быстросъема , 
Количество конденсаторов: , 
Передвижной: Да , 
Масса нетто: 58,3 кг , 
Масса брутто: 65,9 кг , 
Размеры коробки: 97 x 38 x 73 см , 
Гарантийный срок: 12 месяцев ,
2-цилиндровая рядная голова - равномерное охлаждение, меньше вибраций
Дополнительный теплоотвод на выходе головы
Внимание! Режим работы - повторно-кратковременный. 
Продолжительность одного цикла от 6 до 10 минут, с последующим перерывом до 10 минут. Допускается непрерывная работа электродвигателя компрессора не более 15 минут, но не чаще одного раза в течение двух часов.
Компрессор,
Фильтр воздушный,
Колесо транспортировочное (2 шт),
Опорная ножка (2 шт),
Комплект крепежа,
AES-18PG   Манометр для компрессора ECO, резьба 18,
AES-14PG   Манометр для компрессора ECO, резьба 14,
AES-414P   Прессостат четырехходовой,
AES-4R   Регулятор давления четырехходовой,
AB-FMT14   Соединение быстросъемное (латунь),
AS-FMT14   Соединение быстросъемное (сталь),";https://content.tools.by/images/products/cb-0176451912/8FA/8FAOA5Hf6jMLxSthtwiOdbOoaNrm6Yw6wOaaJEEt.jpg
"Компрессор HDC HD-A203 ременной";HD-A203;2581,54;"10 дней";"Параметры электрической сети: 380 В~, 50 Гц, 3ф , 
Потребляемая мощность: 6,5 кВт , 
Рабочее давление: 0–10 атм , 
Производительность: 900 л/мин , 
Ресивер: 200 л , 
Тип: поршневой , 
Тип смазки: масляный , 
Привод: ременной , 
Количество цилиндров: 3 (W-образный) , 
Объем масла: 1,5 л , 
Контроль уровня масла: масляной глазок , 
Количество выxодов: 2 быстросъема , 
Передвижной: Да , 
Масса нетто: 170 кг , 
Масса брутто: 211,3 кг , 
Габариты компрессора: 151 x 53 x 107 см, 
Размеры коробки: 163 x 59 x 115 см , 
Гарантийный срок: 12 месяцев ,
W-образная массивная помпа с большими ребрами для охлаждения
Мощный трехфазный двигатель с медной обмоткой
Низкая скорость вращения помпы гарантирует длительный ресурс и минимальную вибрацию
Магнитный пускатель для защиты трехфазного двигателя
2 передаточных ремня снижение нагрузки на привод, увеличение ресурса
Большой манометр для контроля давления в ресивере
3 пневмовыхода:
 быстросъем с регулятором давления и манометром
 шаровый кран 14 c соединением елочка
 шаровый кран на ресивере 12 (мама)  для прямого выхода воздуха или для увеличения емкости ресивера
Воздушные фильтры с металлическим корпусом и бумажными фильтроэлементами
Стальные прочные колеса для передвижения компрессора
Компрессор поставляется заправленный маслом.
В комплекте нет сетевого провода и вилки, оборудование необходимо оснастить необходимыми пользователю сетевым проводом и вилкой.
Подключать к электросети необходимо через автомат.
Компрессор,
Фильтр воздушный (3 шт),
Колесо транспортировочное (4 шт),
Комплект крепежа,";https://content.tools.by/images/products/cv-0056902986/rQe/rQeKOItMjsOA5A92PzaxA5xIA2ucfoUR0AEQcsFq.jpg
"Компрессор DGM AC-125C коаксиальный";DG2720-0;252,54;"10 дней";"Тип: поршневой, 
Тип смазки: масляный, 
Привод: прямой, 
Ресивер: 24 л, 
Потребляемая мощность: 1.5 кВт, 
Производительность: 240 л/мин, 
Объем масла: 0,25 л, 
Параметры электрической сети: 230 В , 50 Гц, 
Максимальное давление: 8 атм, 
Количество цилиндров: 1, 
Количество выxодов: 1 быстросъем, 
Контроль уровня масла: масляной глазок, 
Передвижной: Да, 
Масса нетто: 16,3 кг, 
Масса брутто: 17,84 кг, 
Габариты компрессора: 56,5 x 29 x 58,5 см, 
Габариты упаковки: 57 x 29,5 x 59,5 см, 
Гарантийный срок: 12 месяцев,
Тепловая защита электродвигателя
1 быстросъемный выход
Манометр давления в ресивере
Контрольный глазок для проверки уровня масла
Воздушный фильтр с поролоновым фильтроэлементом
Ручка для транспортировки
ВНИМАНИЕ!
Уровень масла должно быть чуть выше кромки красной точки контрольного глазка!

Компрессор поставляется с компрессорным маслом необходимого объема для стартового запуска компрессора. Масло может быть заправлено в картер компрессорной головы компрессора, либо перелито в отдельную герметичную емкость для целей транспортировки во избежание утечки из картера в зависимости от условий транспортировки изделия.

В картере могут находиться остатки масла. Это связано с тем, что 100% устройств запускается на производстве после сборки для проверки на работоспособность.
Компрессор,
Фильтр воздушный (1 шт),
Колесо транспортировочное (2 шт),
Опорная ножка (1 шт),
Комплект крепежа,
Ёмкость с маслом,
Сапун,
Руководство по эксплуатации,
Коробка,";https://content.tools.by/images/products/ce-1161278059/JsV/JsVnQ1FpU2LEw0t1G84kIZBVKkiSxemWIMYI6CbZ.jpg
"Компрессор DGM AC-450F безмасляный";DG2720-5;661,57;"10 дней";"Тип: поршневой, 
Тип смазки: безмасляный, 
Привод: прямой, 
Ресивер: 50 л, 
Потребляемая мощность: 3 кВт, 
Производительность: 520 л/мин, 
Параметры электрической сети: 230 В , 50 Гц, 
Максимальное давление: 8 атм, 
Количество компрессорныx групп: 2, 
Количество цилиндров: 4, 
Количество выxодов: 2 быстросъема, 
Передвижной: Да, 
Масса нетто: 35,9 кг, 
Масса брутто: 38,85 кг, 
Габариты компрессора: 70 x 36,5 x 60,5 см, 
Габариты упаковки: 69 x 33,5 x 61 см, 
Гарантийный срок: 12 месяцев,
Для использования не требуется заливка масла
Защита электродвигателя от перегрузки
4-цилиндровый (2 компрессорных группы с 4 цилиндрами)
Тефлоновые кольца на поршне с низким коэффициентом трения
Манометр давления в ресивере
Манометр давления на выходе
Регулятор давления
2 быстросъемных выхода
Воздушные фильтры с поролоновыми фильтроэлементами
Ручка для транспортировки
Компрессор,
Колесо транспортировочное (2 шт),
Опорная ножка (1 шт),
Комплект крепежа,
Руководство по эксплуатации,
Коробка,";https://content.tools.by/images/products/ce-0111116400/3Vz/3VzMPZju6uhs3QH79NARwuzganZoafHtajZbHiBK.jpg
"Компрессор DGM AC-225F безмасляный";DG2720-4;337,82;"10 дней";"Тип: поршневой, 
Тип смазки: безмасляный, 
Привод: прямой, 
Ресивер: 24 л, 
Потребляемая мощность: 1,5 кВт, 
Производительность: 260 л/мин, 
Параметры электрической сети: 230 В , 50 Гц, 
Максимальное давление: 8 атм, 
Количество компрессорныx групп: 1, 
Количество цилиндров: 2, 
Количество выxодов: 2 быстросъема, 
Передвижной: Да, 
Масса нетто: 18,7 кг, 
Масса брутто: 20,25 кг, 
Габариты компрессора: 53 x 29,2 x 55 см, 
Габариты упаковки: 57,5 x 28,5 x 60 см, 
Гарантийный срок: 12 месяцев,
Для использования не требуется заливка масла
Защита электродвигателя от перегрузки
2-цилиндровый (1 компрессорная группа с 2 цилиндрами)
Тефлоновые кольца на поршне с низким коэффициентом трения
Манометр давления в ресивере
Манометр давления на выходе
Регулятор давления
2 быстросъемных выхода
Воздушный фильтр с поролоновым фильтроэлементом
Ручка для транспортировки
Компрессор,
Колесо транспортировочное (2 шт),
Опорная ножка (1 шт),
Комплект крепежа,
Руководство по эксплуатации,
Коробка,";https://content.tools.by/images/products/ce-1269110700/fZc/fZcLXAYfL4gRvhH3avpJxkvNncN9SvnnOfQfUTi4.jpg
"Компрессор DGM AC-6100LD безмасляный";DG2720-3;1324,80;"10 дней";"Тип: поршневой, 
Тип смазки: безмасляный, 
Привод: прямой, 
Ресивер: 100 л, 
Потребляемая мощность: 2,4 кВт, 
Производительность: 450 л/мин, 
Параметры электрической сети: 230 В , 50 Гц, 
Максимальное давление: 8 атм, 
Количество компрессорныx групп: 3, 
Количество цилиндров: 6, 
Количество выxодов: 2 быстросъема, 
Передвижной: Да, 
Масса нетто: 56,4 кг, 
Масса брутто: 61,5 кг, 
Габариты компрессора: 113 x 36 x 69.4 см, 
Габариты упаковки: 114 x 38 x 68 см, 
Гарантийный срок: 12 месяцев,
Для использования не требуется заливка масла
6-цилиндровый (3 компрессорные группы по 2 цилиндра)
Тефлоновые кольца на поршне с низким коэффициентом трения
Электронный блок управления с возможностью отдельного запуска каждой компрессорной группы
Функция последовательного запуска компрессорных групп, снижающая нагрузку на сеть электропитания
ЖК-дисплей для отображения питающего напряжения
Манометр давления в ресивере
Манометр давления на выходе
Регулятор давления
2 быстросъемных выхода
Воздушные фильтры с бумажными фильтроэлементами
Компрессор,
Фильтр воздушный (6 шт),
Колесо транспортировочное (4 шт),
Комплект крепежа,
Руководство по эксплуатации,
Коробка,";https://content.tools.by/images/products/ce-6785560845/G3y/G3yzQhd5Gd19gNc6EivjIH67VHxmWF09glQxmKR9.jpg
"Компрессор DGM AC-150C коаксиальный";DG2720-1;335,34;"10 дней";"Тип: поршневой, 
Тип смазки: масляный, 
Привод: прямой, 
Ресивер: 50 л, 
Потребляемая мощность: 1.8 кВт, 
Производительность: 260 л/мин, 
Объем масла: 0,25 л, 
Параметры электрической сети: 230 В , 50 Гц, 
Максимальное давление: 8 атм, 
Количество цилиндров: 1, 
Количество выxодов: 2 быстросъема, 
Контроль уровня масла: масляной глазок, 
Передвижной: Да, 
Масса нетто: 21,7 кг, 
Масса брутто: 24,1 кг, 
Габариты компрессора: 64.5 x 36.3 x 65 см, 
Габариты упаковки: 73 x 32.5 x 70 см, 
Гарантийный срок: 12 месяцев,
Тепловая защита электродвигателя
2 быстросъемных выхода
Манометр давления в ресивере
Манометр давления на выходе
Регулятор давления
Контрольный глазок для проверки уровня масла
Воздушный фильтр с поролоновым фильтроэлементом
Ручка для транспортировки
ВНИМАНИЕ!
Уровень масла должно быть чуть выше кромки красной точки контрольного глазка!

Компрессор поставляется с компрессорным маслом необходимого объема для стартового запуска компрессора. Масло может быть заправлено в картер компрессорной головы компрессора, либо перелито в отдельную герметичную емкость для целей транспортировки во избежание утечки из картера в зависимости от условий транспортировки изделия.

В картере могут находиться остатки масла. Это связано с тем, что 100% устройств запускается на производстве после сборки для проверки на работоспособность.
Компрессор,
Фильтр воздушный (1 шт),
Колесо транспортировочное (2 шт),
Опорная ножка (2 шт),
Комплект крепежа,
Ёмкость с маслом,
Сапун,
Руководство по эксплуатации,
Коробка,";https://content.tools.by/images/products/ce-0100451412/RK7/RK7fqgXd5ehgJWrPWKbg1VAbM0WBI8yqVRb362pv.jpg
"Компрессор ECO AE-50-OF1 безмасляный";AE-50-OF1;609,67;"6 дней";"Тип: поршневой, 
Тип смазки: безмасляный, 
Привод: прямой, 
Ресивер: 50 л, 
Потребляемая мощность: 1,6 кВт, 
Производительность: 280 л/мин, 
Параметры электрической сети: 230 В, 50 Гц, 
Максимальное давление: 0–8 атм, 
Количество цилиндров: 4, 
Количество выxодов: 2 (1 быстросъем 1 шаровый кран), 
Количество конденсаторов: 2, 
Передвижной: Да, 
Масса нетто: 36,8 кг, 
Масса брутто: 40,5 кг, 
Габариты компрессора: 67 x 39 x 60,5 см, 
Габариты упаковки: 75 x 36 x 63 см 
Гарантийный срок: 12 месяцев,
Для использования не требуется заливка масла
Низкий уровень шума
4-цилиндровый (2 головы по 2 цилиндра)
Регулятор давления
Электромагнитный клапан
Манометры с металлическим корпусом
-Дополнительная воздушная трубка для уменьшения уровня шума
Воздушный фильтр с бумажным фильтроэлементом
2 выхода: 1 быстросъем и 1 шаровый кран с елочкой.
Компрессор,
Фильтр воздушный (2 шт),
Воздушная трубка (2 шт),
Колесо транспортировочное (2 шт),
Опорная ножка (2 шт),
Комплект крепежа,";https://content.tools.by/images/products/cv-0158900688/0dn/0dnGqhPcj2ecDcpNDMdilZs9U39iMZkYORbyByNW.jpg
"Фильтроэлемент бумажный для фильтра воздушного AEF-002M";AEF-002M;3,89;"10 дней";"Фильтроэлемент бумажный подходит для фильтров AEF-122M, AEF-382M
AEF-122M Фильтр возд. 12 ECO,
AEF-382M Фильтр возд. 38 ECO,";https://content.tools.by/images/products/cv-0016067920/hsR/hsR0Ayf7yJxB9ccdNeqOjpOSIlqyX2m3lqU29fKO.jpg
"Компрессор ECO AE-1003-B70 ременной";EC2610-0;1160,36;"10 дней";"Тип: поршневой, 
Тип смазки: масляный, 
Привод: ременной, 
Ресивер: 100 л, 
Потребляемая мощность: 3 кВт, 
Производительность: 580 л/мин, 
Объем масла: 0,7 л, 
Параметры электрической сети: 230 В , 50 Гц, 
Максимальное давление: 8 атм, 
Количество цилиндров: 3, 
Количество выxодов: 2 (1 быстросъем + 1 шаровый кран со штуцером елочка), 
Контроль уровня масла: масляной глазок, 
Передвижной: Да, 
Масса нетто: 84,9 кг, 
Масса брутто: 102,4 кг, 
Габариты компрессора: 114 x 40,1 x 83,5 см, 
Габариты упаковки: 120,7 x 49 x 88,3 см, 
Гарантийный срок: 12 месяцев,
W-образное расположение поршней способствует улучшенному охлаждению
Увеличенный масляный картер, для лучшей смазки и отвода тепла от поршневой группы
Цилиндры выполнены из высококачественного чугуна
Лопасти на маховике охлаждают гильзы цилиндров и масляный картер
Работа от однофазной сети электропитания
Тепловая защита двигателя
Регулятор давления на выходе
Два манометра
2 выхода (быстросъем и кран со штуцером елочка)
Чугунный коллектор и латунный обратный клапан
Защитная решетка ременного привода
ВНИМАНИЕ!
Уровень масла должен быть на уровне верхней кромки красной точки контрольного глазка!

Компрессор поставляется с компрессорным маслом необходимого объема для стартового запуска компрессора. Масло может быть заправлено в картер компрессорной головы компрессора, либо перелито в отдельную герметичную емкость для целей транспортировки во избежание утечки из картера в зависимости от условий транспортировки изделия.

В картере могут находиться остатки масла. Это связано с тем, что 100% устройств запускается на производстве после сборки для проверки на работоспособность.
Компрессор,
Фильтр воздушный (3 шт),
Колесо транспортировочное (4 шт),
Комплект крепежа,
Ёмкость с маслом,
Сапун,
Руководство по эксплуатации,
Коробка,
AES-18PG   Манометр для компрессора ECO, резьба 18,
AES-14PG   Манометр для компрессора ECO, резьба 14,
AES-414P   Прессостат четырехходовой,
AES-4R   Регулятор давления четырехходовой,
AEF-122M   Фильтр воздушный (бумажн. фильтроэлемент, корпус - металл),
AEF-12P   Фильтр воздушный (бумажн. фильтроэлемент, корпус - пластик),
AB-FMT14   Соединение быстросъемное (латунь),
AS-FMT14   Соединение быстросъемное (сталь),
SGK-5   Набор пневмоинструмента ECO 5-в-1,";https://content.tools.by/images/products/ce-3119415617/kLq/kLqCiHTy76V4zff7uLZPu2l4kAt60NhO3PzDk840.jpg
"Компрессор DGM AC-2100B ременной";DG2720-2;830,48;"10 дней";"Тип: поршневой, 
Тип смазки: масляный, 
Привод: ременной, 
Ресивер: 100 л, 
Потребляемая мощность: 2.4 кВт, 
Производительность: 400 л/мин, 
Объем масла: 0,4 л, 
Параметры электрической сети: 230 В , 50 Гц, 
Максимальное давление: 8 атм, 
Количество цилиндров: 2, 
Количество выxодов: 2 быстросъема, 
Контроль уровня масла: масляной глазок, 
Передвижной: Да, 
Масса нетто: 60 кг, 
Масса брутто: 66 кг, 
Габариты компрессора: 111,5 x 38 x 78,2 см, 
Габариты упаковки: 115 x 42 x 79 см, 
Гарантийный срок: 12 месяцев,
Защита электродвигателя от перегрузки
2-цилиндровый
2 быстросъемных выхода
Манометр давления в ресивере
Воздушные фильтры с бумажными фильтроэлементами
Контрольный глазок для проверки уровня масла
4 устойчивых колеса
ВНИМАНИЕ!
Уровень масла должно быть чуть выше кромки красной точки контрольного глазка!

Компрессор поставляется с компрессорным маслом необходимого объема для стартового запуска компрессора. Масло может быть заправлено в картер компрессорной головы компрессора, либо перелито в отдельную герметичную емкость для целей транспортировки во избежание утечки из картера в зависимости от условий транспортировки изделия.

В картере могут находиться остатки масла. Это связано с тем, что 100% устройств запускается на производстве после сборки для проверки на работоспособность.
Компрессор,
Фильтр воздушный (2 шт),
Колесо транспортировочное (4 шт),
Комплект крепежа,
Ёмкость с маслом,
Сапун,
Руководство по эксплуатации,
Коробка,";https://content.tools.by/images/products/ce-0030404500/eQQ/eQQzc795w3wOj04ugtY0EInqbtXYkgucm2MrJU8i.jpg
"Компрессор ASILAK SLA-544 коаксиальный";AS2840-2;573,93;"10 дней";"Тип: поршневой, 
Тип смазки: масляный, 
Привод: прямой, 
Ресивер: 50 л, 
Потребляемая мощность: 2,2 кВт, 
Производительность: 440 л/мин, 
Объем масла: 0,4 л, 
Параметры электрической сети: 230 В ~, 50 Гц, 
Максимальное давление: 8 атм, 
Количество цилиндров: 2, 
Количество выxодов: 2 (1 быстросъем + 1 шаровый кран со штуцером ""елочка""), 
Контроль уровня масла: масляной глазок, 
Передвижной: Да, 
Масса нетто: 36,3 кг, 
Масса брутто: 40,8 кг, 
Габариты компрессора: 43 x 67,5 x 70,5 см, 
Габариты упаковки: 73,5 x 41,2 x 70,2 см, 
Гарантийный срок: 12 месяцев,
Тепловая защита электродвигателя
2 выхода (быстросъемное соединение тип ""МАМА"" и штуцер ""елочка"")
Манометр давления в ресивере
Манометр давления на выходе
Регулятор уровня давления на выходе
Контрольный глазок для проверки уровня масла
Воздушные фильтры с поролоновыми фильтроэлементами
Прорезиненные колеса и ручка на ресивере для удобства транспортировки
ВНИМАНИЕ!
Уровень масла должно быть чуть выше кромки ""красной точки"" контрольного глазка!
Компрессор поставляется с компрессорным маслом необходимого объема для стартового запуска компрессора. Масло может быть заправлено в картер компрессорной головы компрессора, либо перелито в отдельную герметичную емкость для целей транспортировки во избежание утечки из картера в зависимости от условий транспортировки изделия.
В картере могут находиться остатки масла. Это связано с тем, что 100% устройств запускается на производстве после сборки для проверки на работоспособность.
Компрессор,
Фильтр воздушный (2 шт),
Колесо транспортировочное (2 шт),
Опорная ножка (1 шт),
Комплект крепежа,
Ёмкость с маслом,
Сапун,
Руководство по эксплуатации,
Коробка,
AES-18PG   Манометр для компрессора ECO, резьба 18,
AES-14PG   Манометр для компрессора ECO, резьба 14,
AES-414P   Прессостат четырехходовой,
AES-4R   Регулятор давления четырехходовой,
AEF-382M   Фильтр воздушный (бумажн. фильтроэлемент, корпус - металл),
AEF-002M   Фильтроэлемент для фильтра воздушного, 
AB-FMT14   Соединение быстросъемное (латунь),
AS-FMT14   Соединение быстросъемное (сталь),
SGK-5   Набор пневмоинструмента ECO 5-в-1,";https://content.tools.by/images/products/cz-0230719104/PEZ/PEZPt0Ap5i8LQXbsYgfo1B2DzLxA7VLkQfp8GZeI.jpg
"Компрессор ASILAK SLA-526 коаксиальный";AS2840-1;360,06;"10 дней";"Тип: поршневой, 
Тип смазки: масляный, 
Привод: прямой, 
Ресивер: 50 л, 
Потребляемая мощность: 1,8 кВт, 
Производительность: 260 л/мин, 
Объем масла: 0,3 л, 
Параметры электрической сети: 230 В ~, 50 Гц, 
Максимальное давление: 8 атм, 
Количество цилиндров: 1, 
Количество выxодов: 2 (1 быстросъем + 1 шаровый кран со штуцером ""елочка""), 
Контроль уровня масла: масляной глазок, 
Передвижной: Да, 
Масса нетто: 25,5 кг, 
Масса брутто: 28,4 кг, 
Габариты компрессора: 39 x 67,5 x 63,7 см, 
Габариты упаковки: 73,3 x 32,2 x 64 см, 
Гарантийный срок: 12 месяцев,
Тепловая защита электродвигателя
2 выхода (быстросъемное соединение тип ""МАМА"" и штуцер ""елочка"")
Манометр давления в ресивере
Манометр давления на выходе
Регулятор уровня давления на выходе
Контрольный глазок для проверки уровня масла
Воздушный фильтр с поролоновым фильтроэлементом
Прорезиненные колеса и ручка на ресивере для удобства транспортировки
ВНИМАНИЕ!
Уровень масла должно быть чуть выше кромки ""красной точки"" контрольного глазка!
Компрессор поставляется с компрессорным маслом необходимого объема для стартового запуска компрессора. Масло может быть заправлено в картер компрессорной головы компрессора, либо перелито в отдельную герметичную емкость для целей транспортировки во избежание утечки из картера в зависимости от условий транспортировки изделия.
В картере могут находиться остатки масла. Это связано с тем, что 100% устройств запускается на производстве после сборки для проверки на работоспособность.
Компрессор,
Фильтр воздушный (1 шт),
Колесо транспортировочное (2 шт),
Опорная ножка (1 шт),
Комплект крепежа,
Ёмкость с маслом,
Сапун,
Руководство по эксплуатации,
Коробка,
AES-18PG   Манометр для компрессора ECO, резьба 18,
AES-14PG   Манометр для компрессора ECO, резьба 14,
AES-414P   Прессостат четырехходовой,
AES-4R   Регулятор давления четырехходовой,
AEF-382M   Фильтр воздушный (бумажн. фильтроэлемент, корпус - металл),
AEF-002M   Фильтроэлемент для фильтра воздушного, 
AB-FMT14   Соединение быстросъемное (латунь),
AS-FMT14   Соединение быстросъемное (сталь),
SGK-5   Набор пневмоинструмента ECO 5-в-1,";https://content.tools.by/images/products/cz-1507110374/P5i/P5iBSDnle05WPXycd0iYqPXG4maQKiVXDL7UvUdu.jpg
"Компрессор ASILAK SLA-324 коаксиальный";AS2840-0;284,26;"10 дней";"Тип: поршневой, 
Тип смазки: масляный, 
Привод: прямой, 
Ресивер: 24 л, 
Потребляемая мощность: 1,5 кВт, 
Производительность: 235 л/мин, 
Объем масла: 0,25 л, 
Параметры электрической сети: 230 В ~, 50 Гц, 
Максимальное давление: 8 атм, 
Количество цилиндров: 1, 
Количество выxодов: 2 (1 быстросъем + 1 шаровый кран со штуцером ""елочка""), 
Контроль уровня масла: масляной глазок, 
Передвижной: Да, 
Масса нетто: 18,6 кг, 
Масса брутто: 20,95 кг, 
Габариты компрессора: 34 x 55 x 56 см, 
Габариты упаковки: 58 x 28,5 x 59,5 см, 
Гарантийный срок: 12 месяцев,
Тепловая защита электродвигателя
2 выхода (быстросъемное соединение тип ""МАМА"" и штуцер ""елочка"")
Манометр давления в ресивере
Манометр давления на выходе
Регулятор уровня давления на выходе
Контрольный глазок для проверки уровня масла
Воздушный фильтр с поролоновым фильтроэлементом
Прорезиненные колеса и ручка на ресивере для удобства транспортировки
ВНИМАНИЕ!
Уровень масла должно быть чуть выше кромки ""красной точки"" контрольного глазка!
Компрессор поставляется с компрессорным маслом необходимого объема для стартового запуска компрессора. Масло может быть заправлено в картер компрессорной головы компрессора, либо перелито в отдельную герметичную емкость для целей транспортировки во избежание утечки из картера в зависимости от условий транспортировки изделия.
В картере могут находиться остатки масла. Это связано с тем, что 100% устройств запускается на производстве после сборки для проверки на работоспособность.
Компрессор,
Фильтр воздушный (1 шт),
Колесо транспортировочное (2 шт),
Опорная ножка (1 шт),
Комплект крепежа,
Ёмкость с маслом,
Сапун,
Руководство по эксплуатации,
Коробка,
AES-18PG   Манометр для компрессора ECO, резьба 18,
AES-14PG   Манометр для компрессора ECO, резьба 14,
AES-414P   Прессостат четырехходовой,
AES-4R   Регулятор давления четырехходовой,
AEF-382M   Фильтр воздушный (бумажн. фильтроэлемент, корпус - металл),
AEF-002M   Фильтроэлемент для фильтра воздушного, 
AB-FMT14   Соединение быстросъемное (латунь),
AS-FMT14   Соединение быстросъемное (сталь),
SGK-5   Набор пневмоинструмента ECO 5-в-1,";https://content.tools.by/images/products/cz-7688013663/kcR/kcR7dJvbcLSXNAXx90Q4yyAzS5093LFvnheS2ExA.jpg
"Компрессор ECO AE-100-OF1 безмасляный";EC2610-1;1110,11;"4 дня";"Тип: поршневой, 
Тип смазки: безмасляный, 
Привод: прямой, 
Ресивер: 100 л, 
Потребляемая мощность: 2,4 кВт, 
Производительность: 420 л/мин, 
Параметры электрической сети: 230 В ~, 50 Гц, 
Максимальное давление: 8 атм, 
Количество компрессорныx групп: 3, 
Количество цилиндров: 6, 
Количество выxодов: 2 (1 быстросъем + 1 шаровый кран со штуцером ""елочка""), 
Передвижной: Да, 
Масса нетто: 64,75 кг, 
Масса брутто: 74,55 кг, 
Габариты компрессора: 107,5 x 46 x 66,5 см, 
Габариты упаковки: 117,5 x 45,5 x 68 см, 
Гарантийный срок: 12 месяцев,
Для использования не требуется заливка масла
3 высокопроизводительных и тихих бесщеточных электродвигателя с защитой от перегрузки
6-цилиндровый (3 компрессорные группы с 6 цилиндрами)
Манометр давления в ресивере
Манометр давления на выходе
2 выхода (быстросъемное соединение тип ""МАМА"" и штуцер ""елочка"")
Регулятор давления
Воздушные фильтры с бумажными фильтроэлементами
4 прорезиненных колеса и ручки на ресивере для удобства транспортировки
Компрессор,
Фильтр воздушный (3 шт),
Воздушная трубка (3 шт),
Колесо транспортировочное (4 шт),
Комплект крепежа,
Руководство по эксплуатации,
Коробка,";https://content.tools.by/images/products/cz-0070602000/unG/unG9JxNScpSCAXd2Ii0jPQaHyzUerhqBx66mCXFe.jpg
