РђСЂС‚РёРєСѓР»,РќР°Р·РІР°РЅРёРµ,РћРїРёСЃР°РЅРёРµ,Р¦РµРЅР°,РљРѕР»РёС‡РµСЃС‚РІРѕ,РљР°С‚РµРіРѕСЂРёСЏ
BOSCH-GSB-18,Р”СЂРµР»СЊ Bosch GSB 18,РЈРґР°СЂРЅР°СЏ РґСЂРµР»СЊ 18V Li-Ion СЃ Р±С‹СЃС‚СЂРѕР·Р°Р¶РёРјРЅС‹Рј РїР°С‚СЂРѕРЅРѕРј,189.99,15,Р­Р»РµРєС‚СЂРѕРёРЅСЃС‚СЂСѓРјРµРЅС‚
MAKITA-DF330,РџРµСЂС„РѕСЂР°С‚РѕСЂ Makita DF330,РџСЂРѕС„РµСЃСЃРёРѕРЅР°Р»СЊРЅС‹Р№ РїРµСЂС„РѕСЂР°С‚РѕСЂ 800Р’С‚ СЃ С„СѓРЅРєС†РёРµР№ РґРѕР»Р±Р»РµРЅРёСЏ,279.50,8,Р­Р»РµРєС‚СЂРѕРёРЅСЃС‚СЂСѓРјРµРЅС‚
DEWALT-DWE4050,РЈРЁРњ DeWalt DWE4050,РЈРіР»РѕРІР°СЏ С€Р»РёС„РјР°С€РёРЅР° 125РјРј 850Р’С‚ СЃ РїР»Р°РІРЅС‹Рј РїСѓСЃРєРѕРј,159.90,20,Р­Р»РµРєС‚СЂРѕРёРЅСЃС‚СЂСѓРјРµРЅС‚
STANLEY-SET-65,РќР°Р±РѕСЂ РёРЅСЃС‚СЂСѓРјРµРЅС‚РѕРІ Stanley,65 РїСЂРµРґРјРµС‚РѕРІ РІ РїР»Р°СЃС‚РёРєРѕРІРѕРј РєРµР№СЃРµ,149.99,12,Р СѓС‡РЅРѕР№ РёРЅСЃС‚СЂСѓРјРµРЅС‚
KNIPEX-8603,РљСѓСЃР°С‡РєРё Knipex 8603,Р‘РѕРєРѕСЂРµР·С‹ С…СЂРѕРј-РІР°РЅР°РґРёР№ 180РјРј,42.50,30,Р СѓС‡РЅРѕР№ РёРЅСЃС‚СЂСѓРјРµРЅС‚
BAHCO-1-110-10,РћС‚РІРµСЂС‚РєРё Bahco 1-110-10,РќР°Р±РѕСЂ 10 РёР·РѕР»РёСЂРѕРІР°РЅРЅС‹С… РѕС‚РІРµСЂС‚РѕРє,89.90,25,Р СѓС‡РЅРѕР№ РёРЅСЃС‚СЂСѓРјРµРЅС‚
RESANTA-SAI-190,РЎРІР°СЂРѕС‡РЅС‹Р№ Р°РїРїР°СЂР°С‚ Resanta,РРЅРІРµСЂС‚РѕСЂРЅС‹Р№ СЃРІР°СЂРѕС‡РЅРёРє MMA/TIG 190Рђ,329.99,6,РЎРІР°СЂРѕС‡РЅРѕРµ РѕР±РѕСЂСѓРґРѕРІР°РЅРёРµ
BLUEWELD-PRO-250,РЎРІР°СЂРѕС‡РЅРёРє BlueWeld Pro-250,РњРЅРѕРіРѕС„СѓРЅРєС†РёРѕРЅР°Р»СЊРЅС‹Р№ Р°РїРїР°СЂР°С‚ 250Рђ,499.00,4,РЎРІР°СЂРѕС‡РЅРѕРµ РѕР±РѕСЂСѓРґРѕРІР°РЅРёРµ
FUBAG-ECO-24,РљРѕРјРїСЂРµСЃСЃРѕСЂ Fubag Eco-24,РџРѕСЂС€РЅРµРІРѕР№ РєРѕРјРїСЂРµСЃСЃРѕСЂ 24Р» 1.5РєР’С‚,169.50,10,РљРѕРјРїСЂРµСЃСЃРѕСЂС‹
ABAC-B3800,РљРѕРјРїСЂРµСЃСЃРѕСЂ Abac B3800,РњР°СЃР»СЏРЅС‹Р№ РєРѕРјРїСЂРµСЃСЃРѕСЂ 50Р» 2.2РєР’С‚,699.99,3,РљРѕРјРїСЂРµСЃСЃРѕСЂС‹
</content>
